coil,V
r1,14.999999999999998
r3,5.936528899918578e-15
r4,9.299807491359457e-17
r5,1.105790507519427e-16
r6,1.206808552587417e-18
r7,10.052579010317793
r8,14.999999999999998
r9,14.999999999999998
r10,14.999999999999998
r11,14.999999999999998
r12,14.999999999998654
r13,8.230391017873208e-19
r14,6.476518351761809e-21
r15,2.190928929454193e-19
r16,14.999999999999948
c2,4.062746202215835e-14
c3,1.5854399703664054e-16
