coil,V
r1,14.999999999999998
r3,1.0590557364610503e-20
r4,1.1430480920682109e-20
r5,1.2446257097310093e-20
r6,8.266131375722479e-23
r7,8.236684287337077
r8,14.999999999999998
r9,14.999999999999998
r10,14.999999999999998
r11,14.999999999999998
r12,14.999999999999998
r13,1.3034286890271809e-22
r14,1.563131827999961e-25
r15,7.407643713740488e-23
r16,14.999999999999991
c2,4.273325876813148
c3,6.239583368237228e-19
