coil,V
r1,14.999999999988246
r3,1.0307621313275184
r4,7.68921366357714e-12
r5,3.0843568101366394e-11
r6,1.7209090829602665e-13
r7,8.787357508733098
r8,14.999999999972932
r9,14.999999999969102
r10,14.99999999997885
r11,14.999999999992502
r12,14.999999999994941
r13,6.157473627889684e-12
r14,3.902126331119113e-12
r15,3.138329748392189e-12
r16,14.999999999927375
c2,14.999999999984158
c3,4.191458225731433e-18
