sensor_id,b0_Bx,b0_By,b0_Bz,target_Bx,target_By,target_Bz,final_Bx,final_By,final_Bz,err_Bx,err_By,err_Bz,success,n_coils_used,coils_used
2,-16.556,-8.323,24.596,0.0,0.0,0.0,-4.893047313036323,-2.3289598980688586,0.8009833548484231,-4.893047313036323,-2.3289598980688586,0.8009833548484231,False,17,r9;r8;r10;r16;r11;c3;r15;r13;r14;r12;r6;r4;r3;r5;r1;r7;c2
