sensor_id,b0_Bx,b0_By,b0_Bz,target_Bx,target_By,target_Bz,final_Bx,final_By,final_Bz,err_Bx,err_By,err_Bz,success,n_coils_used,coils_used
7,-7.085,-9.903,25.841,0.0,0.0,0.0,-1.0658141036401503e-13,-3.019806626980426e-14,2.842170943040401e-14,-1.0658141036401503e-13,-3.019806626980426e-14,2.842170943040401e-14,True,7,r7;r8;r9;r11;c2;r10;r16
