sensor_id,b0_Bx,b0_By,b0_Bz,target_Bx,target_By,target_Bz,final_Bx,final_By,final_Bz,err_Bx,err_By,err_Bz,success,n_coils_used,coils_used
10,26.151,0.507,8.54,0.0,0.0,0.0,3.552713678800501e-15,6.106226635438361e-15,-3.552713678800501e-15,3.552713678800501e-15,6.106226635438361e-15,-3.552713678800501e-15,True,5,r8;r9;r10;r7;r1
