coil,V
r1,14.999999999999766
r3,2.1037933319479772e-22
r4,7.724514977252122e-15
r5,5.325587747420537e-13
r6,1.2473496545207316e-16
r7,10.783638333735766
r8,14.999999999999622
r9,14.999999999998693
r10,14.999999999998858
r11,14.999999999999844
r12,14.999999999991234
r13,1.0841094565767353e-12
r14,1.2327280154170728e-14
r15,5.149336538270317e-16
r16,14.999999999997659
c2,3.952232910306337e-14
c3,6.911968726967608e-14
