sensor_id,b0_Bx,b0_By,b0_Bz,target_Bx,target_By,target_Bz,final_Bx,final_By,final_Bz,err_Bx,err_By,err_Bz,success,n_coils_used,coils_used
8,-8.436,-29.356,16.337,0.0,0.0,0.0,-3.552713678800501e-15,-3.552713678800501e-15,3.552713678800501e-15,-3.552713678800501e-15,-3.552713678800501e-15,3.552713678800501e-15,True,16,r7;r8;r9;r1;r16;c3;r4;r15;r5;r12;r14;r3;r13;r6;r10;c2
