sensor_id,b0_Bx,b0_By,b0_Bz,target_Bx,target_By,target_Bz,final_Bx,final_By,final_Bz,err_Bx,err_By,err_Bz,success,n_coils_used,coils_used
9,-4.417,-25.869,21.001,0.0,0.0,0.0,-5.087485988042317e-12,-7.44648787076585e-12,8.704148513061227e-13,-5.087485988042317e-12,-7.44648787076585e-12,8.704148513061227e-13,True,7,r8;r7;r1;r9;r16;c2;r10
