sensor_id,b0_Bx,b0_By,b0_Bz,target_Bx,target_By,target_Bz,final_Bx,final_By,final_Bz,err_Bx,err_By,err_Bz,success,n_coils_used,coils_used
12,-6.593,-26.275,17.631,0.0,0.0,0.0,8.881784197001252e-16,-7.105427357601002e-15,3.552713678800501e-15,8.881784197001252e-16,-7.105427357601002e-15,3.552713678800501e-15,True,7,r7;r8;r1;r9;r6;r10;c3
