sensor_id,b0_Bx,b0_By,b0_Bz,target_Bx,target_By,target_Bz,final_Bx,final_By,final_Bz,err_Bx,err_By,err_Bz,success,n_coils_used,coils_used
11,-17.641,15.061,23.302,0.0,0.0,0.0,-4.298783551348606e-13,-8.881784197001252e-14,7.460698725481052e-14,-4.298783551348606e-13,-8.881784197001252e-14,7.460698725481052e-14,True,12,r8;r9;r10;r16;c3;r4;r12;r6;r1;r7;r15;r11
