sensor_id,b0_Bx,b0_By,b0_Bz,target_Bx,target_By,target_Bz,final_Bx,final_By,final_Bz,err_Bx,err_By,err_Bz,success,n_coils_used,coils_used
2,-16.62,6.404,26.633,0.0,0.0,0.0,-2.8088925459002,-1.2425215000431944,0.4496886599936296,-2.8088925459002,-1.2425215000431944,0.4496886599936296,False,17,r9;r8;r16;r10;r5;r3;r4;r12;r14;r11;r7;r15;r1;r6;c3;c2;r13
